date,MSFT.Open,MSFT.High,MSFT.Low,MSFT.Close,MSFT.Volume,MSFT.Adjusted,AAPL.Open,AAPL.High,AAPL.Low,AAPL.Close,AAPL.Volume,AAPL.Adjusted,,
1/2/20,158.779999,160.729996,158.330002,160.619995,22622100,156.924377,74.059998,75.150002,73.797501,75.087502,135480400,73.785912,,
1/3/20,158.320007,159.949997,158.059998,158.619995,21116200,154.970383,74.287498,75.144997,74.125,74.357498,146322800,73.068558,,
1/6/20,157.080002,159.100006,156.509995,159.029999,20813700,155.370956,73.447502,74.989998,73.1875,74.949997,118387200,73.650787,,
1/7/20,159.320007,159.669998,157.320007,157.580002,21634100,153.954315,74.959999,75.224998,74.370003,74.597504,108872000,73.304413,,
1/8/20,158.929993,160.800003,157.949997,160.089996,27746500,156.406601,74.290001,76.110001,74.290001,75.797501,132079200,74.48362,,
1/9/20,161.839996,162.220001,161.029999,162.089996,21385000,158.36058,76.809998,77.607498,76.550003,77.407501,170108400,76.065697,,
1/10/20,162.820007,163.220001,161.179993,161.339996,20725900,157.627823,77.650002,78.167503,77.0625,77.582497,140644800,76.237656,,
1/13/20,161.759995,163.309998,161.259995,163.279999,21626500,159.523193,77.910004,79.267502,77.787498,79.239998,121532000,77.866432,,
1/14/20,163.389999,163.600006,161.720001,162.130005,23477400,158.399673,79.175003,79.392502,78.042503,78.169998,161954400,76.814964,,
1/15/20,162.619995,163.940002,162.570007,163.179993,21417900,159.425476,77.962502,78.875,77.387497,77.834999,121923600,76.485786,,
1/16/20,164.350006,166.240005,164.029999,166.169998,23865400,162.346695,78.397499,78.925003,78.022499,78.809998,108829200,77.443878,,
1/17/20,167.419998,167.470001,165.429993,167.100006,34371700,163.25528,79.067497,79.684998,78.75,79.682503,137816400,78.301262,,
1/21/20,166.679993,168.190002,166.429993,166.5,29517200,162.669083,79.297501,79.754997,79,79.142502,110843200,77.770622,,
1/22/20,167.399994,167.490005,165.679993,165.699997,24138800,161.887497,79.644997,79.997498,79.327499,79.425003,101832400,78.048225,,
1/23/20,166.190002,166.800003,165.270004,166.720001,19680800,162.884033,79.480003,79.889999,78.912498,79.807503,104472000,78.424103,,
1/24/20,167.509995,167.529999,164.449997,165.039993,24918100,161.242676,80.0625,80.832497,79.379997,79.577499,146537600,78.19809,,
1/27/20,161.149994,163.380005,160.199997,162.279999,32078100,158.546188,77.514999,77.942497,76.220001,77.237503,161940000,75.898643,,
1/28/20,163.779999,165.759995,163.070007,165.460007,24899900,161.653046,78.150002,79.599998,78.047501,79.422501,162234000,78.045784,,
1/29/20,167.839996,168.75,165.690002,168.039993,34754500,164.173676,81.112503,81.962502,80.345001,81.084999,216229200,79.679443,,
1/30/20,174.050003,174.050003,170.789993,172.779999,51597500,168.804596,80.135002,81.022499,79.6875,80.967499,126743200,79.563995,,
1/31/20,172.210007,172.399994,169.580002,170.229996,36142700,166.313263,80.232498,80.669998,77.072502,77.377502,199588400,76.036217,,
2/3/20,170.429993,174.5,170.399994,174.380005,30107000,170.367813,76.074997,78.372498,75.555,77.165001,173788400,75.827393,,
2/4/20,177.139999,180.639999,176.309998,180.119995,36433300,175.975693,78.827499,79.910004,78.407501,79.712502,136616400,78.330734,,
2/5/20,184.029999,184.199997,178.410004,179.899994,39186300,175.760757,80.879997,81.190002,79.737503,80.362503,118826800,78.969482,,
2/6/20,180.970001,183.820007,180.059998,183.630005,27751400,179.404968,80.642502,81.305,80.065002,81.302498,105425600,79.893181,,
2/7/20,182.850006,185.630005,182.479996,183.889999,33529100,179.658981,80.592499,80.849998,79.5,80.0075,117684000,78.807205,,
2/10/20,183.580002,188.839996,183.25,188.699997,35844300,184.358307,78.544998,80.387497,78.462502,80.387497,109348800,79.181511,,
2/11/20,190.649994,190.699997,183.5,184.440002,53159900,180.19632,80.900002,80.974998,79.677498,79.902496,94323200,78.703804,,
2/12/20,185.580002,185.850006,181.850006,184.710007,47062900,180.460114,80.3675,81.805,80.3675,81.800003,113730400,80.57283,,
2/13/20,183.080002,186.229996,182.869995,183.710007,35295800,179.483124,81.047501,81.555,80.837502,81.217499,94747600,79.999069,,
2/14/20,183.25,185.410004,182.649994,185.350006,23149500,181.085388,81.184998,81.495003,80.712502,81.237503,80113600,80.018768,,
2/18/20,185.610001,187.699997,185.5,187.229996,27792200,182.92215,78.839996,79.9375,78.652496,79.75,152531200,78.553581,,
2/19/20,188.059998,188.179993,186.470001,187.279999,29997500,183.470734,80,81.142502,80,80.904999,93984000,79.691254,,
2/20/20,186.949997,187.25,181.100006,184.419998,36862400,180.6689,80.657501,81.162498,79.552498,80.074997,100566000,78.873703,,
2/21/20,183.169998,183.5,177.25,178.589996,48572600,174.957489,79.654999,80.112503,77.625,78.262497,129554000,77.088402,,
2/24/20,167.770004,174.550003,163.229996,170.889999,68311100,167.414124,74.315002,76.044998,72.307503,74.544998,222195200,73.426651,,
2/25/20,174.199997,174.839996,167.649994,168.070007,68073300,164.651489,75.237503,75.6325,71.532501,72.019997,230673600,70.939529,,
2/26/20,169.710007,173.259995,168.210007,170.169998,56206100,166.708771,71.6325,74.470001,71.625,73.162498,198054800,72.064911,,
2/27/20,163.320007,167.029999,157.979996,158.179993,93174900,154.962646,70.275002,71.5,68.239998,68.379997,320605600,67.354156,,
2/28/20,152.410004,163.710007,152,162.009995,97012700,158.714752,64.315002,69.602501,64.092499,68.339996,426510000,67.314751,,
3/2/20,165.309998,172.919998,162.309998,172.789993,71030800,169.275482,70.57,75.360001,69.43,74.702499,341397200,73.581802,,
3/3/20,173.800003,175,162.259995,164.509995,71677000,161.163895,75.917503,76,71.449997,72.330002,319475600,71.244911,,
3/4/20,168.490005,170.699997,165.619995,170.550003,49814400,167.081024,74.110001,75.849998,73.282501,75.684998,219178400,74.549561,,
3/5/20,166.050003,170.869995,165.690002,166.270004,47817300,162.888092,73.879997,74.887497,72.852501,73.230003,187572800,72.131409,,
3/6/20,162.610001,163.110001,156,161.570007,72821100,158.283676,70.5,72.705002,70.307503,72.2575,226176800,71.173492,,
3/9/20,151,157.75,150,150.619995,70419300,147.556427,65.9375,69.522499,65.75,66.542503,286744800,65.544212,,
3/10/20,158.160004,161.029999,152.580002,160.919998,65354400,157.646896,69.285004,71.610001,67.342499,71.334999,285290000,70.264816,,
3/11/20,157.130005,157.699997,151.149994,153.630005,56371600,150.505188,69.347504,70.305,67.964996,68.857498,255598800,67.824486,,
3/12/20,145.300003,153.470001,138.580002,139.059998,93226400,136.231552,63.985001,67.5,62,62.057499,418474000,61.126499,,
3/13/20,147.5,161.910004,140.729996,158.830002,92727400,155.599426,66.222504,69.980003,63.237499,69.4925,370732000,68.449966,,
3/16/20,140,149.350006,135,135.419998,87905900,132.665588,60.487499,64.769997,60,60.552502,322423600,59.644089,,
3/17/20,140,147.5,135,146.570007,81059800,143.588791,61.877499,64.402496,59.599998,63.215,324056000,62.26664,,
3/18/20,138,146,135.020004,140.399994,81593200,137.544296,59.942501,62.5,59.279999,61.6675,300233600,60.742352,,
3/19/20,142.770004,150.149994,139,142.710007,85922700,139.807297,61.8475,63.209999,60.6525,61.195,271857200,60.276955,,
3/20/20,146,147.100006,135.860001,137.350006,84866200,134.55632,61.794998,62.9575,57,57.310001,401693200,56.450237,,
3/23/20,137.009995,140.570007,132.520004,135.979996,78975200,133.214188,57.02,57.125,53.1525,56.092499,336752800,55.250999,,
3/24/20,143.75,149.600006,141.270004,148.339996,82516700,145.322754,59.09,61.922501,58.575001,61.720001,287531200,60.794075,,
3/25/20,148.910004,154.330002,144.440002,146.919998,75638200,143.931641,62.6875,64.5625,61.075001,61.380001,303602000,60.459171,,
3/26/20,148.399994,156.660004,148.369995,156.110001,64568100,152.934738,61.630001,64.669998,61.59,64.610001,252087200,63.64072,,
3/27/20,151.75,154.889999,149.199997,149.699997,57042300,146.655106,63.1875,63.967499,61.762501,61.935001,204216800,61.00584,,
3/30/20,152.440002,160.600006,150.009995,160.229996,63420300,156.970947,62.685001,63.880001,62.349998,63.702499,167976400,62.746826,,
3/31/20,159.399994,164.779999,156.559998,157.710007,77927200,154.502197,63.900002,65.622498,63,63.572498,197002000,62.618786,,
4/1/20,153,157.75,150.820007,152.110001,57969900,149.016113,61.625,62.18,59.782501,60.227501,176218400,59.323963,,
4/2/20,151.860001,155.479996,150.360001,155.259995,49630700,152.102036,60.084999,61.287498,59.224998,61.232498,165934000,60.313877,,
4/3/20,155.100006,157.380005,152.190002,153.830002,41243300,150.701126,60.700001,61.424999,59.7425,60.352501,129880000,59.447086,,
4/6/20,160.320007,166.5,157.580002,165.270004,67111700,161.908432,62.724998,65.777496,62.345001,65.6175,201820400,64.633102,,
4/7/20,169.589996,170,163.259995,163.490005,62769000,160.164642,67.699997,67.925003,64.75,64.857498,202887200,63.884499,,
4/8/20,165.669998,166.669998,163.5,165.130005,48318200,161.771271,65.684998,66.842499,65.307503,66.517502,168895200,65.5196,,
4/9/20,166.360001,167.369995,163.330002,165.139999,51385100,161.781067,67.175003,67.517502,66.175003,66.997498,161834800,65.992393,,
4/13/20,164.350006,165.570007,162.300003,165.509995,41905300,162.143539,67.077499,68.425003,66.457497,68.3125,131022800,67.287666,,
4/14/20,169,173.75,168,173.699997,52874300,170.166962,70,72.0625,69.512497,71.762497,194994800,70.685905,,
4/15/20,171.199997,173.570007,169.240005,171.880005,40940800,168.383972,70.599998,71.582497,70.157501,71.107498,131154400,70.040733,,
4/16/20,174.300003,177.279999,172.899994,177.039993,50479600,173.439011,71.845001,72.050003,70.587502,71.672501,157125200,70.597252,,
4/17/20,179.5,180,175.869995,178.600006,52765600,174.967316,71.172501,71.737503,69.214996,70.699997,215250000,69.639351,,
4/20/20,176.630005,178.75,174.990005,175.059998,36669600,171.499298,69.487503,70.419998,69.212502,69.232498,130015200,68.193863,,
4/21/20,173.5,173.669998,166.110001,167.820007,56203700,164.406555,69.07,69.3125,66.357498,67.092499,180991600,66.085976,,
4/22/20,171.389999,174,170.820007,173.520004,34620200,169.990616,68.402496,69.474998,68.050003,69.025002,116862400,67.989471,,
4/23/20,174.110001,175.059998,170.910004,171.419998,32790800,167.933334,68.967499,70.4375,68.717499,68.7575,124814400,67.725998,,
4/24/20,172.059998,174.559998,170.710007,174.550003,34277600,170.999664,69.300003,70.752502,69.25,70.7425,126161200,69.681213,,
4/27/20,176.589996,176.899994,173.300003,174.050003,33194400,170.509842,70.449997,71.135002,69.987503,70.792503,117087600,69.730469,,
4/28/20,175.589996,175.669998,169.389999,169.809998,34392700,166.356079,71.269997,71.457497,69.550003,69.644997,112004800,68.600189,,
4/29/20,173.220001,177.679993,171.880005,177.429993,51286600,173.821091,71.182503,72.417503,70.972504,71.932503,137280800,70.853371,,
4/30/20,180,180.399994,176.229996,179.210007,53875900,175.564896,72.489998,73.6325,72.087502,73.449997,183064000,72.348083,,
5/1/20,175.800003,178.639999,174.009995,174.570007,39370500,171.019287,71.5625,74.75,71.462502,72.267502,240616800,71.183334,,
5/4/20,174.490005,179,173.800003,178.839996,30372900,175.202423,72.292503,73.422501,71.580002,73.290001,133568000,72.190491,,
5/5/20,180.619995,183.649994,179.899994,180.759995,36839200,177.083359,73.764999,75.25,73.614998,74.389999,147751200,73.273987,,
5/6/20,182.080002,184.199997,181.630005,182.539993,32139300,178.827164,75.114998,75.809998,74.717499,75.157501,142333600,74.029984,,
5/7/20,184.169998,184.550003,182.580002,183.600006,28316000,179.865585,75.805,76.292503,75.4925,75.934998,115215200,74.795815,,
5/8/20,184.979996,185,183.360001,184.679993,30877800,180.92363,76.410004,77.587502,76.072502,77.532501,133838400,76.576088,,
5/11/20,183.149994,187.509995,182.850006,186.740005,30892700,182.941742,77.025002,79.262497,76.809998,78.752502,145946400,77.781029,,
5/12/20,186.800003,187.039993,182.300003,182.509995,32038200,178.79776,79.457497,79.922501,77.727501,77.852501,162301200,76.892136,,
5/13/20,182.550003,184.050003,176.539993,179.75,44711500,176.093918,78.037498,78.987503,75.802498,76.912498,200622400,75.963722,,
5/14/20,177.539993,180.690002,175.679993,180.529999,41873900,176.858047,76.127502,77.447502,75.3825,77.385002,158929200,76.430412,,
5/15/20,179.059998,187.059998,177,183.160004,46610400,179.43454,75.087502,76.974998,75.052498,76.927498,166348400,75.978539,,
5/18/20,185.75,186.199997,183.960007,184.910004,35264500,181.148956,78.292503,79.125,77.580002,78.739998,135178400,77.768684,,
5/19/20,185.029999,186.600006,183.490005,183.630005,26799100,179.894974,78.7575,79.629997,78.252502,78.285004,101729600,77.319298,,
5/20/20,184.809998,185.850006,183.940002,185.660004,31261300,182.390274,79.169998,79.879997,79.129997,79.807503,111504800,78.823013,,
5/21/20,185.399994,186.669998,183.289993,183.429993,29119500,180.199509,79.665001,80.222504,78.967499,79.212502,102688800,78.235359,,
5/22/20,183.190002,184.460007,182.539993,183.509995,20826900,180.278122,78.942497,79.807503,78.837502,79.722504,81803200,78.739075,,
5/26/20,186.339996,186.5,181.100006,181.570007,36073600,178.372299,80.875,81.059998,79.125,79.182503,125522000,78.205727,,
5/27/20,180.199997,181.990005,176.600006,181.809998,39517100,178.608047,79.035004,79.677498,78.272499,79.527496,112945200,78.546471,,
5/28/20,180.740005,184.149994,180.380005,181.399994,33810200,178.205292,79.192497,80.860001,78.907501,79.5625,133560800,78.581039,,
5/29/20,182.729996,184.270004,180.410004,183.25,42130400,180.02272,79.8125,80.287498,79.1175,79.485001,153532400,78.504494,,
6/1/20,182.539993,183,181.460007,182.830002,22622400,179.610092,79.4375,80.587502,79.302498,80.462502,80791200,79.469933,,
6/2/20,184.25,185,181.350006,184.910004,30794600,181.653473,80.1875,80.860001,79.732498,80.834999,87642800,79.83783,,
6/3/20,184.820007,185.940002,183.580002,185.360001,27311000,182.095551,81.165001,81.550003,80.574997,81.279999,104491200,80.277351,,
6/4/20,184.300003,185.839996,182.300003,182.919998,28761800,179.698517,81.097504,81.404999,80.195,80.580002,87560400,79.585991,,
6/5/20,182.619995,187.729996,182.009995,187.199997,39893600,183.903137,80.837502,82.9375,80.807503,82.875,137250400,81.852676,,
6/8/20,185.940002,188.550003,184.440002,188.360001,33211600,185.042709,82.5625,83.400002,81.830002,83.364998,95654400,82.336639,,
6/9/20,188,190.699997,187.259995,189.800003,29783900,186.457352,83.035004,86.402496,83.002502,85.997498,147712400,84.936646,,
6/10/20,191.130005,198.520004,191.009995,196.839996,43872300,193.373367,86.974998,88.692497,86.522499,88.209999,166651600,87.121864,,
6/11/20,193.130005,195.759995,186.070007,186.270004,52854700,182.989532,87.327499,87.764999,83.870003,83.974998,201662400,82.939102,,
6/12/20,190.539993,191.720001,185.179993,187.740005,43373600,184.43364,86.18,86.949997,83.555,84.699997,200146000,83.655167,,
6/15/20,184.580002,190.820007,184.009995,188.940002,32770200,185.612488,83.3125,86.419998,83.144997,85.747498,138808800,84.689751,,
6/16/20,192.889999,195.580002,191.460007,193.570007,42556700,190.160965,87.864998,88.300003,86.18,88.019997,165428800,86.934212,,
6/17/20,195.029999,196.320007,193.690002,194.240005,25687800,190.819153,88.787498,88.849998,87.772499,87.897499,114406400,86.813217,,
6/18/20,194,196.490005,194,196.320007,23061600,192.862518,87.852501,88.362503,87.305,87.932503,96820400,86.847786,,
6/19/20,198.589996,199.289993,194.369995,195.149994,44441100,191.713135,88.660004,89.139999,86.287498,87.43,264476000,86.351486,,
6/22/20,195.789993,200.759995,195.229996,200.570007,32818900,197.037674,87.834999,89.864998,87.787498,89.717499,135445200,88.610764,,
6/23/20,202.089996,203.949997,201.429993,201.910004,30917400,198.35405,91,93.095001,90.567497,91.6325,212155600,90.502136,,
6/24/20,201.600006,203.25,196.559998,197.839996,36740600,194.355759,91.25,92.197502,89.629997,90.014999,192623200,88.904594,,
6/25/20,197.800003,200.610001,195.470001,200.339996,27803900,196.811722,90.175003,91.25,89.392502,91.209999,137522400,90.084854,,
6/26/20,199.729996,199.889999,194.880005,196.330002,54675800,192.87233,91.102501,91.330002,88.254997,88.407501,205256800,87.316925,,
6/29/20,195.779999,198.529999,193.550003,198.440002,26701600,194.94519,88.3125,90.542503,87.82,90.445,130646000,89.329308,,
6/30/20,197.880005,204.399994,197.740005,203.509995,34310300,199.925888,90.019997,91.495003,90,91.199997,140223200,90.074982,,
7/1/20,203.139999,206.350006,201.770004,204.699997,32061200,201.09494,91.279999,91.839996,90.977501,91.027496,110737200,89.904617,,
7/2/20,205.679993,208.020004,205,206.259995,29315800,202.627457,91.962502,92.6175,90.910004,91.027496,114041600,89.904617,,
7/6/20,208.830002,211.130005,208.089996,210.699997,31897600,206.989288,92.5,93.945,92.467499,93.462502,118655600,92.30957,,
7/7/20,210.449997,214.669998,207.990005,208.25,33600700,204.582397,93.852501,94.654999,93.057503,93.172501,112424400,92.023163,,
7/8/20,210.070007,213.259995,208.690002,212.830002,33600000,209.081772,94.18,95.375,94.089996,95.342499,117092000,94.166389,,
7/9/20,216.330002,216.380005,211.470001,214.320007,33121700,210.545502,96.262497,96.317497,94.672501,95.752502,125642800,94.571327,,
7/10/20,213.619995,214.080002,211.080002,213.669998,26177600,209.906967,95.334999,95.980003,94.705002,95.919998,90257200,94.736748,,
7/13/20,214.479996,215.800003,206.5,207.070007,38135600,203.423203,97.264999,99.955002,95.2575,95.477501,191649200,94.299721,,
7/14/20,206.130005,208.850006,202.029999,208.350006,37591800,204.680649,94.839996,97.254997,93.877502,97.057503,170989200,95.860229,,
7/15/20,209.559998,211.330002,205.029999,208.039993,32179400,204.376099,98.989998,99.247498,96.489998,97.724998,153198000,96.519493,,
7/16/20,205.399994,205.699997,202.309998,203.919998,29940700,200.328674,96.5625,97.404999,95.904999,96.522499,110577600,95.331825,,
7/17/20,204.470001,205.039993,201.389999,202.880005,31635300,199.306992,96.987503,97.147499,95.839996,96.327499,92186800,95.139229,,
7/20/20,205,212.300003,203.009995,211.600006,36884800,207.873413,96.417503,98.5,96.0625,98.357498,90318000,97.144188,,
7/21/20,213.660004,213.940002,208.029999,208.75,37990400,205.073608,99.172501,99.25,96.7425,97,103433200,95.803436,,
7/22/20,209.199997,212.300003,208.389999,211.75,49605700,208.020767,96.692497,97.974998,96.602501,97.272499,89001600,96.072578,,
7/23/20,207.190002,210.919998,202.149994,202.539993,67457000,198.972946,96.997498,97.077499,92.010002,92.845001,197004400,91.699684,,
7/24/20,200.419998,202.860001,197.509995,201.300003,39827000,197.754837,90.987503,92.970001,89.144997,92.614998,185438800,91.472527,,
7/27/20,201.470001,203.970001,200.860001,203.850006,30160900,200.259888,93.709999,94.904999,93.480003,94.809998,121214000,93.640442,,
7/28/20,203.610001,204.699997,201.740005,202.020004,23251400,198.462143,94.3675,94.550003,93.247498,93.252502,103625600,92.102173,,
7/29/20,202.5,204.649994,202.009995,204.059998,19632600,200.466202,93.75,95.230003,93.712502,95.040001,90329200,93.867599,,
7/30/20,201,204.460007,199.570007,203.899994,25079600,200.309036,94.1875,96.297501,93.767502,96.190002,158130000,95.003418,,
7/31/20,204.399994,205.100006,199.009995,205.009995,51044000,201.39946,102.885002,106.415001,100.824997,106.260002,374336800,104.949211,,
8/3/20,211.520004,217.639999,210.440002,216.539993,78983000,212.72641,108.199997,111.637497,107.892502,108.9375,308151200,107.593681,,
8/4/20,214.169998,214.770004,210.309998,213.289993,49280100,209.533646,109.1325,110.790001,108.387497,109.665001,173071600,108.312218,,
8/5/20,214.899994,215,211.570007,212.940002,28806400,209.189819,109.377502,110.392502,108.897499,110.0625,121776800,108.704803,,
8/6/20,212.339996,216.369995,211.550003,216.350006,32656800,212.53978,110.404999,114.412498,109.797501,113.902496,202428800,112.497437,,
8/7/20,214.850006,215.699997,210.929993,212.479996,27820400,208.737915,113.205002,113.675003,110.292503,111.112503,198045600,109.93972,,
8/10/20,211.669998,211.880005,206.350006,208.25,36716500,204.582397,112.599998,113.775002,110,112.727501,212403600,111.537651,,
8/11/20,207.160004,207.649994,203.139999,203.380005,36446500,199.798172,111.970001,112.482498,109.107498,109.375,187902400,108.220551,,
8/12/20,205.289993,210.279999,204.75,209.190002,28013100,205.50589,110.497498,113.275002,110.297501,113.010002,165598000,111.817177,,
8/13/20,209.440002,211.350006,208.149994,208.699997,22588900,205.02449,114.43,116.042503,113.927498,115.010002,210082000,113.796066,,
8/14/20,208.759995,209.589996,207.509995,208.899994,17958900,205.220963,114.830002,115,113.044998,114.907501,165565200,113.694672,,
8/17/20,209.600006,211.190002,208.919998,210.279999,20184800,206.57666,116.0625,116.087502,113.962502,114.607498,119561600,113.39782,,
8/18/20,210.529999,212.360001,209.210007,211.490005,21336200,207.765366,114.352501,116,114.0075,115.5625,105633600,114.342735,,
8/19/20,211.490005,212.100006,209.25,209.699997,27627600,206.504868,115.982498,117.162498,115.610001,115.707497,145538000,114.486206,,
8/20/20,209.539993,215,208.910004,214.580002,26981500,211.310501,115.75,118.392502,115.732498,118.275002,126907200,117.026611,,
8/21/20,213.860001,216.25,212.850006,213.020004,36249300,209.774277,119.262497,124.8675,119.25,124.370003,338054800,123.057274,,
8/24/20,214.789993,215.520004,212.429993,213.690002,25460100,210.434067,128.697495,128.785004,123.9375,125.857498,345937600,124.529068,,
8/25/20,213.100006,216.610001,213.100006,216.470001,23043700,213.171722,124.697502,125.18,123.052498,124.824997,211495600,123.507484,,
8/26/20,217.880005,222.089996,217.360001,221.149994,39600800,217.780411,126.18,126.9925,125.082497,126.522499,163022400,125.187057,,
8/27/20,222.889999,231.149994,219.399994,226.580002,57602200,223.127686,127.142502,127.485001,123.832497,125.010002,155552400,123.690536,,
8/28/20,228.179993,230.639999,226.580002,228.910004,26292900,225.422165,126.012497,126.442497,124.577499,124.807503,187630000,123.490158,,
8/31/20,227,228.699997,224.309998,225.529999,28774200,222.093658,127.580002,131,126,129.039993,225702700,127.677994,,
9/1/20,225.509995,227.449997,224.429993,227.270004,25725500,223.807175,132.759995,134.800003,130.529999,134.179993,151948100,132.763733,,
9/2/20,227.970001,232.860001,227.350006,231.649994,34080800,228.120422,137.589996,137.979996,127,131.399994,200119000,130.013062,,
9/3/20,229.270004,229.309998,214.960007,217.300003,58400300,213.98909,126.910004,128.839996,120.5,120.879997,257599600,119.604111,,
9/4/20,215.100006,218.360001,205.190002,214.25,59664100,210.985519,120.07,123.699997,110.889999,120.959999,332607200,119.683266,,
9/8/20,206.5,210.029999,202.199997,202.660004,52924300,199.572128,113.949997,118.989998,112.68,112.82,231366600,111.629189,,
9/9/20,207.600006,214.839996,206.699997,211.289993,45679000,208.070633,117.260002,119.139999,115.260002,117.32,176940500,116.081688,,
9/10/20,213.399994,214.740005,204.110001,205.369995,35461500,202.240845,120.360001,120.5,112.5,113.489998,182274400,112.292114,,
9/11/20,207.199997,208.630005,201.240005,204.029999,33620100,200.921249,114.57,115.230003,110,112,180860300,110.817841,,
9/14/20,204.240005,209.199997,204.029999,205.410004,30375800,202.280243,114.720001,115.93,112.800003,115.360001,140150100,114.142387,,
9/15/20,208.419998,209.779999,206.929993,208.779999,21823900,205.598862,118.330002,118.830002,113.610001,115.540001,184642000,114.320473,,
9/16/20,210.619995,210.649994,204.639999,205.050003,26328100,201.92572,115.230003,116,112.040001,112.129997,154679000,110.946465,,
9/17/20,200.050003,204.330002,199.960007,202.910004,34011300,199.818314,109.720001,112.199997,108.709999,110.339996,178011000,109.175362,,
9/18/20,202.800003,203.649994,196.25,200.389999,55225300,197.336731,110.400002,110.879997,106.089996,106.839996,287104900,105.712303,,
9/21/20,197.190002,202.710007,196.380005,202.539993,39839700,199.453934,104.540001,110.190002,103.099998,110.080002,195713800,108.918114,,
9/22/20,205.059998,208.100006,202.080002,207.419998,33517100,204.259598,112.68,112.860001,109.160004,111.809998,183055400,110.629852,,
9/23/20,207.899994,208.100006,200.029999,200.589996,30803800,197.533661,111.620003,112.110001,106.769997,107.120003,150718700,105.989357,,
9/24/20,199.850006,205.570007,199.199997,203.190002,31202500,200.094055,105.169998,110.25,105,108.220001,167743300,107.077736,,
9/25/20,203.550003,209.039993,202.539993,207.820007,29437300,204.653519,108.43,112.440002,107.669998,112.279999,149981400,111.094879,,
9/28/20,210.880005,212.570007,208.059998,209.440002,32004900,206.248825,115.010002,115.32,112.779999,114.959999,137672400,113.746605,,
9/29/20,209.350006,210.070007,206.809998,207.259995,24221900,204.10202,114.550003,115.309998,113.57,114.089996,99382200,112.885788,,
9/30/20,207.729996,211.979996,206.539993,210.330002,33829100,207.125259,113.790001,117.260002,113.620003,115.809998,142675200,114.587616,,
10/1/20,213.490005,213.990005,211.320007,212.460007,27158400,209.222824,117.639999,117.720001,115.830002,116.790001,116120400,115.557297,,
10/2/20,208,210.990005,205.539993,206.190002,33154800,203.048325,112.889999,115.370003,112.220001,113.019997,144712000,111.827065,,
10/5/20,207.220001,210.410004,206.979996,210.380005,21331600,207.174515,113.910004,116.650002,113.550003,116.5,106243800,115.270348,,
10/6/20,208.820007,210.179993,204.820007,205.910004,28554300,202.772598,115.699997,116.120003,112.25,113.160004,161498200,111.965599,,
10/7/20,207.059998,210.110001,206.720001,209.830002,25681100,206.632889,114.620003,115.550003,114.129997,115.080002,96849000,113.865349,,
10/8/20,210.509995,211.190002,208.320007,210.580002,19925800,207.37149,116.25,116.400002,114.589996,114.970001,83477200,113.7565,,
10/9/20,211.229996,215.860001,211.229996,215.809998,26458000,212.521759,115.279999,117,114.919998,116.970001,100506900,115.73539,,
10/12/20,218.789993,223.860001,216.809998,221.399994,40461400,218.026566,120.059998,125.18,119.279999,124.400002,240226800,123.086967,,
10/13/20,222.720001,225.210007,220.429993,222.860001,28950800,219.46434,125.269997,125.389999,119.650002,121.099998,262330500,119.821785,,
10/14/20,223,224.220001,219.130005,220.860001,23421700,217.494812,121,123.029999,119.620003,121.190002,150712000,119.910851,,
10/15/20,217.100006,220.360001,216.009995,219.660004,22733100,216.31311,118.720001,121.199997,118.150002,120.709999,112559200,119.435905,,
10/16/20,220.149994,222.289993,219.320007,219.660004,26057900,216.31311,121.279999,121.550003,118.809998,119.019997,115393800,117.763756,,
10/19/20,220.419998,222.300003,213.720001,214.220001,27625800,210.956009,119.959999,120.419998,115.660004,115.980003,120639300,114.755844,,
10/20/20,215.800003,217.369995,213.089996,214.649994,22753500,211.37944,116.199997,118.980003,115.629997,117.510002,124423700,116.269699,,
10/21/20,213.119995,216.919998,213.119995,214.800003,22724900,211.527161,116.669998,118.709999,116.449997,116.870003,89946000,115.636436,,
10/22/20,213.929993,216.059998,211.699997,214.889999,22351500,211.615799,117.449997,118.040001,114.589996,115.75,101988000,114.528267,,
10/23/20,215.029999,216.279999,213.160004,216.229996,18879600,212.935364,116.389999,116.550003,114.279999,115.040001,82572600,113.825745,,
10/26/20,213.850006,216.339996,208.100006,210.080002,37111600,206.879074,114.010002,116.550003,112.879997,115.050003,111850700,113.835648,,
10/27/20,211.589996,214.669998,210.330002,213.25,36700300,210.000793,115.489998,117.279999,114.540001,116.599998,92276800,115.369301,,
10/28/20,207.669998,208.839996,202.100006,202.679993,51195600,199.591812,115.050003,115.43,111.099998,111.199997,143937800,110.026291,,
10/29/20,204.070007,207.360001,203.369995,204.720001,31432600,201.600723,112.370003,116.93,112.199997,115.32,146129200,114.102814,,
10/30/20,203.5,204.289993,199.619995,202.470001,36953700,199.385025,111.059998,111.989998,107.720001,108.860001,190272600,107.710991,,
11/2/20,204.289993,205.279999,200.119995,202.330002,30842200,199.247177,109.110001,110.68,107.32,108.769997,122866900,107.621925,,
11/3/20,203.889999,208.119995,203.119995,206.429993,27512000,203.284668,109.660004,111.489998,108.730003,110.440002,107624400,109.274315,,
11/4/20,214.020004,218.320007,212.419998,216.389999,42311800,213.092926,114.139999,115.589996,112.349998,114.949997,138235500,113.736702,,
11/5/20,222.039993,224.119995,221.149994,223.289993,36080100,219.887787,117.949997,119.620003,116.870003,119.029999,126387100,117.773643,,
11/6/20,222.259995,224.360001,218.029999,223.720001,25231900,220.311264,118.32,119.199997,116.129997,118.690002,114457900,117.639839,,
11/9/20,224.440002,228.119995,217.880005,218.389999,44395000,215.062469,120.5,121.989998,116.050003,116.32,154515300,115.290802,,
11/10/20,214.5,216.5,209.720001,211.009995,44045100,207.794907,115.550003,117.589996,114.129997,115.970001,138023400,114.943909,,
11/11/20,212.389999,218.039993,212.199997,216.550003,29440800,213.250473,117.190002,119.629997,116.440002,119.489998,112295000,118.432762,,
11/12/20,217.210007,219.110001,214.460007,215.440002,21593900,212.15741,119.620003,120.529999,118.57,119.209999,103162300,118.155235,,
11/13/20,216.360001,217.419998,214.160004,216.509995,18621100,213.21109,119.440002,119.669998,117.870003,119.260002,81581900,118.204803,,
11/16/20,214.869995,217.740005,214.520004,217.229996,24953300,213.92012,118.919998,120.989998,118.150002,120.300003,91183000,119.235596,,
11/17/20,216.100006,217.679993,214.080002,214.460007,24154100,211.192337,119.550003,120.669998,118.959999,119.389999,74271000,118.333649,,
11/18/20,213.649994,215.169998,210.929993,211.080002,28372800,208.40802,118.610001,119.82,118,118.029999,76322100,116.98568,,
11/19/20,211.380005,213.029999,209.929993,212.419998,24792700,209.731079,117.589996,119.059998,116.809998,118.639999,74113000,117.590286,,
11/20/20,212.199997,213.289993,210,210.389999,22843100,207.726761,118.639999,118.769997,117.290001,117.339996,73604300,116.301796,,
11/23/20,210.949997,212.289993,208.160004,210.110001,25683500,207.450317,117.18,117.620003,113.75,113.849998,127959300,112.842659,,
11/24/20,209.589996,214.25,208.860001,213.860001,33979700,211.152863,113.910004,115.849998,112.589996,115.169998,113874200,114.150986,,
11/25/20,215.110001,215.289993,212.460007,213.869995,21012900,211.16272,115.550003,116.75,115.169998,116.029999,76499200,115.003372,,
11/27/20,214.850006,216.270004,214.039993,215.229996,14512200,212.505508,116.57,117.489998,116.220001,116.589996,46691300,115.558426,,
11/30/20,214.100006,214.759995,210.839996,214.070007,33064800,211.360214,116.970001,120.970001,116.809998,119.050003,169410200,117.996658,,
12/1/20,214.509995,217.320007,213.350006,216.210007,30904500,213.473099,121.010002,123.470001,120.010002,122.720001,127728200,121.634193,,
12/2/20,214.880005,215.470001,212.800003,215.369995,23724500,212.643738,122.019997,123.370003,120.889999,123.080002,89004200,121.990997,,
12/3/20,214.610001,216.380005,213.649994,214.240005,25120900,211.52803,123.519997,123.779999,122.209999,122.940002,78967600,121.852242,,
12/4/20,214.220001,215.380005,213.179993,214.360001,24666000,211.6465,122.599998,122.860001,121.519997,122.25,78260400,121.168343,,
12/7/20,214.369995,215.539993,212.990005,214.289993,24620000,211.577408,122.309998,124.57,122.25,123.75,86712000,122.655075,,
12/8/20,213.970001,216.949997,212.889999,216.009995,23284100,213.275635,124.370003,124.980003,123.089996,124.379997,82225500,123.279495,,
12/9/20,215.160004,215.229996,211.210007,211.800003,32440600,209.118927,124.529999,125.949997,121,121.779999,115089200,120.702492,,
12/10/20,211.770004,213.080002,210.360001,210.520004,26733300,207.855133,120.5,123.870003,120.150002,123.239998,81312200,122.149582,,
12/11/20,210.050003,213.320007,209.110001,213.259995,30979400,210.560425,122.43,122.760002,120.550003,122.410004,86939800,121.326927,,
12/14/20,213.100006,216.210007,212.880005,214.199997,28798400,211.48851,122.599998,123.349998,121.540001,121.779999,79184500,120.702492,,
12/15/20,215.169998,215.419998,212.240005,214.130005,27000600,211.419434,124.339996,127.900002,124.129997,127.879997,157243700,126.748528,,
12/16/20,214.75,220.110001,214.720001,219.279999,35023300,216.504227,127.410004,128.369995,126.559998,127.809998,98208600,126.679146,,
12/17/20,219.869995,220.889999,217.919998,219.419998,32515800,216.642456,128.899994,129.580002,128.039993,128.699997,94359800,127.561272,,
12/18/20,218.589996,219.690002,216.020004,218.589996,63354900,215.822983,128.960007,129.100006,126.120003,126.660004,192541500,125.53933,,
12/21/20,217.550003,224,217.279999,222.589996,37181900,219.772324,125.019997,128.309998,123.449997,128.229996,121251600,127.095421,,
12/22/20,222.690002,225.630005,221.850006,223.940002,22612200,221.105255,131.610001,134.410004,129.649994,131.880005,168904800,130.713135,,
12/23/20,223.110001,223.559998,220.800003,221.020004,18699600,218.222214,132.160004,132.429993,130.779999,130.960007,88223700,129.801285,,
12/24/20,221.419998,223.610001,221.199997,222.75,10550600,219.930313,131.320007,133.460007,131.100006,131.970001,54930100,130.802338,,
12/28/20,224.449997,226.029999,223.020004,224.960007,17933500,222.11235,133.990005,137.339996,133.509995,136.690002,124486200,135.48056,,
12/29/20,226.309998,227.179993,223.580002,224.149994,17403200,221.312592,138.050003,138.789993,134.339996,134.869995,121047300,133.676666,,
12/30/20,225.229996,225.630005,221.470001,221.679993,20272300,218.873856,135.580002,135.990005,133.399994,133.720001,96452100,132.53685,,
12/31/20,221.699997,223,219.679993,222.419998,20942100,219.604492,134.080002,134.740005,131.720001,132.690002,99116600,131.515961,,
1/4/21,222.529999,223,214.809998,217.690002,37130100,214.934341,133.520004,133.610001,126.760002,129.410004,143301900,128.264984,,
1/5/21,217.259995,218.520004,215.699997,217.899994,23823000,215.141693,128.889999,131.740005,128.429993,131.009995,97664900,129.85083,,
1/6/21,212.169998,216.490005,211.940002,212.25,35930700,209.563217,127.720001,131.050003,126.379997,126.599998,155088000,125.479843,,
1/7/21,214.039993,219.339996,213.710007,218.289993,27694500,215.526764,128.360001,131.630005,127.860001,130.919998,109578200,129.761612,,
1/8/21,218.679993,220.580002,217.029999,219.619995,22956200,216.839935,132.429993,132.630005,130.229996,132.050003,105158200,130.881638,,
1/11/21,218.470001,218.910004,216.729996,217.490005,23031300,214.736893,129.190002,130.169998,128.5,128.979996,100384500,127.838799,,
1/12/21,216.5,217.100006,213.320007,214.929993,23249300,212.20929,128.5,129.690002,126.860001,128.800003,91951100,127.660393,,
1/13/21,214.020004,216.759995,213.929993,216.339996,20087100,213.60144,128.759995,131.449997,128.490005,130.889999,88636800,129.731888,,
1/14/21,215.910004,217.460007,212.740005,213.020004,29480800,210.323486,130.800003,131,128.759995,128.910004,90221800,127.769409,,
1/15/21,213.520004,214.509995,212.029999,212.649994,31746500,209.95813,128.779999,130.220001,127,127.139999,111598500,126.015068,,
1/19/21,213.75,216.979996,212.630005,216.440002,30480900,213.700195,127.779999,128.710007,126.940002,127.830002,90757300,126.698967,,
1/20/21,217.699997,225.789993,217.289993,224.339996,37777300,221.500183,128.660004,132.490005,128.550003,132.029999,104319500,130.861816,,
1/21/21,224.699997,226.300003,222.419998,224.970001,30709400,222.122208,133.800003,139.669998,133.589996,136.869995,120150900,135.658997,,
1/22/21,227.080002,230.070007,225.800003,225.949997,30172700,223.089798,136.279999,139.850006,135.020004,139.070007,114459400,137.839539,,
1/25/21,229.119995,229.779999,224.220001,229.529999,33152100,226.624466,143.070007,145.089996,136.539993,142.919998,157611700,141.655457,,
1/26/21,231.860001,234.179993,230.080002,232.330002,49169600,229.389038,143.600006,144.300003,141.369995,143.160004,98390600,141.893341,,
1/27/21,238,240.440002,230.139999,232.899994,69870600,229.951843,143.429993,144.300003,140.410004,142.059998,140843800,140.80307,,
1/28/21,235.610001,242.639999,235.089996,238.929993,49111200,235.905472,139.520004,141.990005,136.699997,137.089996,142621100,135.877029,,
1/29/21,235.990005,238.020004,231.350006,231.960007,42503100,229.023727,135.830002,136.740005,130.210007,131.960007,177523800,130.792435,,
2/1/21,235.059998,242.5,232.429993,239.649994,33314200,236.616364,133.75,135.380005,130.929993,134.139999,106239800,132.95314,,
2/2/21,241.300003,242.309998,238.690002,239.509995,25916300,236.478149,135.729996,136.309998,134.610001,134.990005,83305400,133.795639,,
2/3/21,239.570007,245.089996,239.259995,243,27158100,239.923981,135.759995,135.770004,133.610001,133.940002,89880900,132.754929,,
2/4/21,242.660004,243.240005,240.369995,242.009995,25296100,238.946487,136.300003,137.399994,134.589996,137.389999,84183100,136.174377,,
2/5/21,242.229996,243.279999,240.419998,242.199997,18054800,239.134094,137.350006,137.419998,135.860001,136.759995,75693800,135.752487,,
2/8/21,243.149994,243.679993,240.809998,242.470001,22211900,239.400665,136.029999,136.960007,134.919998,136.910004,71297200,135.901413,,
2/9/21,241.869995,244.759995,241.380005,243.770004,23565000,240.684219,136.619995,137.880005,135.850006,136.009995,76774200,135.008041,,
2/10/21,245,245.919998,240.889999,242.820007,22186700,239.746262,136.479996,136.990005,134.399994,135.389999,73046600,134.392609,,
2/11/21,244.779999,245.149994,242.149994,244.490005,15751100,241.395126,135.899994,136.389999,133.770004,135.130005,64280000,134.134506,,
2/12/21,243.929993,245.300003,242.729996,244.990005,16561100,241.888794,134.350006,135.529999,133.690002,135.369995,60145100,134.372757,,
2/16/21,245.029999,246.130005,242.919998,243.699997,26728500,240.615112,135.490005,136.009995,132.789993,133.190002,80576300,132.208801,,
2/17/21,241.320007,244.309998,240.940002,244.199997,21653500,241.664093,131.25,132.220001,129.470001,130.839996,97918500,129.876114,,
2/18/21,241.800003,243.929993,240.860001,243.789993,16925600,241.258347,129.199997,130,127.410004,129.710007,96856700,128.754456,,
2/19/21,243.75,243.860001,240.179993,240.970001,25262600,238.467636,130.240005,130.710007,128.800003,129.869995,87668800,128.913254,,
2/22/21,237.419998,237.929993,232.399994,234.509995,36446900,232.074738,128.009995,129.720001,125.599998,126,103916400,125.071777,,
2/23/21,230.330002,234.830002,228.729996,233.270004,30228700,230.84761,123.760002,126.709999,118.389999,125.860001,158273000,124.932816,,
2/24/21,230.009995,235.199997,229,234.550003,26339700,232.114319,124.940002,125.559998,122.230003,125.349998,111039900,124.426567,,
2/25/21,232.080002,234.589996,227.880005,228.990005,39542200,226.612045,124.68,126.459999,120.540001,120.989998,148199500,120.098686,,
2/26/21,231.529999,235.369995,229.539993,232.380005,37819200,229.966843,122.589996,124.849998,121.199997,121.260002,164560400,120.366699,,
3/1/21,235.899994,237.470001,233.149994,236.940002,25324000,234.479492,123.75,127.93,122.790001,127.790001,116307900,126.848602,,
3/2/21,237.009995,237.300003,233.449997,233.869995,22812500,231.441376,128.410004,128.720001,125.010002,125.120003,102260900,124.198265,,
3/3/21,232.160004,233.580002,227.259995,227.559998,34029500,225.196899,124.809998,125.709999,121.839996,122.059998,112966300,121.160797,,
3/4/21,226.740005,232.490005,224.259995,226.729996,44727800,224.375504,121.75,123.599998,118.620003,120.129997,178155000,119.245026,,
3/5/21,229.520004,233.270004,226.460007,231.600006,41872800,229.194946,120.980003,121.940002,117.57,121.419998,153766600,120.525513,,
3/8/21,231.369995,233.369995,227.130005,227.389999,35267400,225.028671,120.93,121,116.209999,116.360001,154376600,115.502792,,
3/9/21,232.880005,235.380005,231.669998,233.779999,33080500,231.352295,119.029999,122.059998,118.790001,121.089996,129525800,120.197945,,
3/10/21,237,237,232.039993,232.419998,29746800,230.006424,121.690002,122.169998,119.449997,119.980003,111943300,119.096138,,
3/11/21,234.960007,239.169998,234.309998,237.130005,29907600,234.667526,122.540001,123.209999,121.260002,121.959999,103026500,121.061539,,
3/12/21,234.009995,235.820007,233.229996,235.75,22653700,233.301834,120.400002,121.169998,119.160004,121.029999,88105100,120.13839,,
3/15/21,234.960007,235.190002,231.809998,234.809998,26034900,232.371613,121.410004,124,120.419998,123.989998,92403800,123.076584,,
3/16/21,236.279999,240.059998,235.940002,237.710007,28092200,235.241486,125.699997,127.220001,124.720001,125.57,115227900,124.644943,,
3/17/21,236.149994,238.550003,233.229996,237.039993,29562100,234.578445,124.050003,125.860001,122.339996,124.760002,111932600,123.840912,,
3/18/21,232.559998,234.190002,230.330002,230.720001,34833000,228.324081,122.879997,123.18,120.32,120.529999,121229700,119.642082,,
3/19/21,231.020004,232.470001,229.350006,230.350006,46430700,227.957932,119.900002,121.43,119.68,119.989998,185549500,119.106056,,
3/22/21,230.270004,236.899994,230.139999,235.990005,30127000,233.539368,120.330002,123.870003,120.260002,123.389999,111912300,122.48101,,
3/23/21,237.490005,241.050003,237.070007,237.580002,31638400,235.112854,123.330002,124.239998,122.139999,122.540001,95467100,121.637276,,
3/24/21,237.850006,238,235.320007,235.460007,25620100,233.014877,122.82,122.900002,120.07,120.089996,88530500,119.205307,,
3/25/21,235.300003,236.940002,231.570007,232.339996,34061900,229.927261,119.540001,121.660004,119,120.589996,98844700,119.701622,,
3/26/21,231.550003,236.710007,231.550003,236.479996,25479900,234.024261,120.349998,121.480003,118.919998,121.209999,94071200,120.317055,,
3/29/21,236.589996,236.800003,231.880005,235.240005,25227500,232.79715,121.650002,122.580002,120.730003,121.389999,80819200,120.495735,,
3/30/21,233.529999,233.850006,231.100006,231.850006,24792000,229.442352,120.110001,120.400002,118.860001,119.900002,85671900,119.016724,,
3/31/21,232.910004,239.100006,232.389999,235.770004,43623500,233.32164,121.650002,123.519997,121.150002,122.150002,118323800,121.250145,,
4/1/21,238.470001,242.839996,238.050003,242.350006,30338000,239.833313,123.660004,124.18,122.489998,123,75089100,122.09388,,
4/5/21,242.759995,249.960007,242.699997,249.070007,36910600,246.483536,123.870003,126.160004,123.07,125.900002,88651200,124.972519,,
4/6/21,247.610001,249.399994,246.880005,247.860001,22931900,245.286102,126.5,127.129997,125.650002,126.209999,80171300,125.280235,,
4/7/21,247.809998,250.929993,247.190002,249.899994,22719800,247.304886,125.830002,127.919998,125.139999,127.900002,83466700,126.957787,,
4/8/21,252.770004,254.139999,252,253.25,23625200,250.620117,128.949997,130.389999,128.520004,130.360001,88844600,129.399658,,
4/9/21,252.869995,255.990005,252.440002,255.850006,24326800,253.193115,129.800003,133.039993,129.470001,133,106686700,132.020218,,
4/12/21,254.710007,257.670013,254.619995,255.910004,27148700,253.252487,132.520004,132.850006,130.630005,131.240005,91420000,130.273193,,
4/13/21,257.26001,259.190002,256.829987,258.48999,23837500,255.805695,132.440002,134.660004,131.929993,134.429993,91266500,133.439682,,
4/14/21,257.480011,258.829987,255.160004,255.589996,23070900,252.935806,134.940002,135,131.660004,132.029999,87222800,131.057358,,
4/15/21,257.929993,259.929993,257.730011,259.5,25627500,256.805206,133.820007,135,133.639999,134.5,89347100,133.509155,,
4/16/21,259.470001,261,257.600006,260.73999,24878600,258.032349,134.300003,134.669998,133.279999,134.160004,84922400,133.171661,,
4/19/21,260.190002,261.480011,257.820007,258.73999,23209300,256.053131,133.509995,135.470001,133.339996,134.839996,94264200,133.846664,,
4/20/21,257.820007,260.200012,256.839996,258.26001,19722900,255.57811,135.020004,135.529999,131.809998,133.110001,94812300,132.12941,,
4/21/21,258.940002,260.679993,257.25,260.579987,24030400,257.874023,132.360001,133.75,131.300003,133.5,68847100,132.516525,,
4/22/21,260.209991,261.779999,255.639999,257.170013,25606200,254.499405,133.039993,134.149994,131.410004,131.940002,84566500,130.968002,,
4/23/21,257.880005,261.51001,257.269989,261.149994,21462600,258.43808,132.160004,135.119995,132.160004,134.320007,78657500,133.330505,,
4/26/21,261.660004,262.440002,260.170013,261.549988,19763300,258.833923,134.830002,135.059998,133.559998,134.720001,66905100,133.727524,,
4/27/21,261.579987,263.190002,260.119995,261.970001,31014200,259.249573,135.009995,135.410004,134.110001,134.389999,66015800,133.399963,,
4/28/21,256.079987,256.540009,252.949997,254.559998,46903100,251.916519,134.309998,135.020004,133.080002,133.580002,107760100,132.595947,,
4/29/21,255.460007,256.100006,249,252.509995,40589000,249.887787,136.470001,137.070007,132.449997,133.479996,151101000,132.496674,,
4/30/21,249.740005,253.080002,249.600006,252.179993,30945100,249.561218,131.779999,133.559998,131.070007,131.460007,109839500,130.491547,,
5/3/21,253.399994,254.350006,251.119995,251.860001,19626600,249.244537,132.039993,134.070007,131.830002,132.539993,75135100,131.563599,,
5/4/21,250.970001,251.210007,245.759995,247.789993,32756100,245.216797,131.190002,131.490005,126.699997,127.849998,137564700,126.90815,,
5/5/21,249.059998,249.5,245.820007,246.470001,21901300,243.910522,129.199997,130.449997,127.970001,128.100006,84000900,127.156311,,
5/6/21,246.449997,249.860001,244.690002,249.729996,26491100,247.136673,127.889999,129.75,127.129997,129.740005,78128300,128.784256,,
5/7/21,252.149994,254.300003,251.169998,252.460007,27032900,249.838318,130.850006,131.259995,129.479996,130.210007,78973300,129.470306,,
5/10/21,250.869995,251.729996,247.119995,247.179993,29299900,244.613144,129.410004,129.539993,126.809998,126.849998,88071200,126.129395,,
5/11/21,244.550003,246.600006,242.570007,246.229996,33641600,243.673019,123.5,126.269997,122.769997,125.910004,126142800,125.19474,,
5/12/21,242.169998,244.380005,238.070007,239,36684400,236.518112,123.400002,124.639999,122.25,122.769997,112172300,122.072563,,
5/13/21,241.800003,245.600006,241.419998,243.029999,29624300,240.506256,124.580002,126.150002,124.260002,124.970001,105861300,124.260071,,
5/14/21,245.580002,249.179993,245.490005,248.149994,23901100,245.573074,126.25,127.889999,125.849998,127.449997,81918000,126.72599,,
5/17/21,246.550003,246.589996,243.520004,245.179993,24970200,242.633911,126.82,126.93,125.169998,126.269997,74244600,125.552689,,
5/18/21,246.270004,246.410004,242.899994,243.080002,20168000,240.55574,126.559998,126.989998,124.779999,124.849998,63342900,124.140747,,
5/19/21,239.309998,243.229996,238.600006,243.119995,25739800,241.150879,123.160004,124.919998,122.860001,124.690002,92612000,123.981667,,
5/20/21,243.960007,247.949997,243.860001,246.479996,21800700,244.483658,125.230003,127.720001,125.099998,127.309998,76857100,126.586777,,
5/21/21,247.570007,248.330002,244.740005,245.169998,21863100,243.18425,127.82,128,125.209999,125.43,79295400,124.717468,,
5/24/21,247.789993,251.160004,247.509995,250.779999,21411500,248.74884,126.010002,127.940002,125.940002,127.099998,63092900,126.377968,,
5/25/21,251.770004,252.75,250.820007,251.720001,17704300,249.681229,127.82,128.320007,126.32,126.900002,72009500,126.179108,,
5/26/21,251.429993,252.940002,250.75,251.490005,17771600,249.453094,126.959999,127.389999,126.419998,126.849998,56575900,126.129395,,
5/27/21,251.169998,251.479996,249.25,249.309998,24426200,247.290756,126.440002,127.639999,125.080002,125.279999,94625600,124.568314,,
5/28/21,251,252.080002,249.559998,249.679993,18270200,247.65773,125.57,125.800003,124.550003,124.610001,71311100,123.902115,,
6/1/21,251.229996,251.289993,246.960007,247.399994,23213300,245.39621,125.080002,125.349998,123.940002,124.279999,67637100,123.573997,,
6/2/21,248.130005,249.270004,245.839996,247.300003,19406700,245.297012,124.279999,125.239998,124.050003,125.059998,59278900,124.349556,,
6/3/21,245.220001,246.339996,243,245.710007,25307700,243.719925,124.68,124.849998,123.129997,123.540001,76229200,122.838203,,
6/4/21,247.759995,251.649994,247.509995,250.789993,25281100,248.758743,124.07,126.160004,123.849998,125.889999,75169300,125.17485,,
6/7/21,249.979996,254.089996,249.809998,253.809998,23079200,251.754272,126.169998,126.32,124.830002,125.900002,71057600,125.184792,,
6/8/21,255.160004,256.01001,252.509995,252.570007,22455000,250.524338,126.599998,128.460007,126.209999,126.739998,74403800,126.020012,,
6/9/21,253.809998,255.529999,253.210007,253.589996,17937600,251.536072,127.209999,127.75,126.519997,127.129997,56877900,126.407799,,
6/10/21,254.289993,257.459991,253.669998,257.23999,24563600,255.156494,127.019997,128.190002,125.940002,126.110001,71186400,125.393593,,
6/11/21,257.98999,258.48999,256.609985,257.890015,18999700,255.801254,126.529999,127.440002,126.099998,127.349998,53522400,126.626549,,
6/14/21,257.899994,259.950012,256.799988,259.890015,19150500,257.785065,127.82,130.539993,127.07,130.479996,96906500,129.73877,,
6/15/21,259.769989,259.98999,257.679993,258.359985,18038900,256.267426,129.940002,130.600006,129.389999,129.639999,62746300,128.903534,,
6/16/21,259.399994,260.579987,254.419998,257.380005,27220000,255.29538,130.369995,130.889999,128.460007,130.149994,91815000,129.410645,,
6/17/21,256.070007,261.75,256.01001,260.899994,27565500,258.786865,129.800003,132.550003,129.649994,131.789993,96721700,131.041321,,
6/18/21,259.630005,262.299988,258.75,259.429993,37202200,257.328766,130.710007,131.509995,130.240005,130.460007,108953300,129.718887,,
6/21/21,259.820007,263.519989,257.920013,262.630005,26696100,260.502838,130.300003,132.410004,129.210007,132.300003,79663300,131.548431,,
6/22/21,262.720001,265.790009,262.399994,265.51001,24694100,263.359528,132.130005,134.080002,131.619995,133.979996,74783600,133.218872,,
6/23/21,265.98999,266.829987,264.429993,265.269989,19518700,263.12149,133.770004,134.320007,133.229996,133.699997,60214200,132.940491,,
6/24/21,266.160004,267.850006,265.470001,266.690002,21446900,264.529968,134.449997,134.639999,132.929993,133.410004,68711000,132.65213,,
6/25/21,266.230011,267.25,264.76001,265.019989,25611100,262.873535,133.460007,133.889999,132.809998,133.110001,70783700,132.353836,,
6/28/21,266.190002,268.899994,265.910004,268.720001,19590000,266.543518,133.410004,135.25,133.350006,134.779999,62111300,134.014359,,
6/29/21,268.869995,271.649994,267.980011,271.399994,19937800,269.201813,134.800003,136.490005,134.350006,136.330002,64556100,135.555542,,
6/30/21,270.690002,271.359985,269.600006,270.899994,21656500,268.705841,136.169998,137.410004,135.869995,136.960007,63261400,136.181961,,
7/1/21,269.609985,271.839996,269.600006,271.600006,16725300,269.400208,136.600006,137.330002,135.759995,137.270004,52485800,136.490204,,
7/2/21,272.820007,278,272.5,277.649994,26458000,275.401184,137.899994,140,137.75,139.960007,78852600,139.164917,,
7/6/21,278.029999,279.369995,274.299988,277.660004,31565600,275.411133,140.070007,143.149994,140.070007,142.020004,108181800,141.213211,,
7/7/21,279.399994,280.690002,277.149994,279.929993,23260000,277.66272,143.539993,144.889999,142.660004,144.570007,104911600,143.748734,,
7/8/21,276.899994,278.730011,274.869995,277.420013,24618600,275.173065,141.580002,144.059998,140.669998,143.240005,105575500,142.426285,,
7/9/21,275.720001,278.049988,275.320007,277.940002,23916700,275.688843,142.75,145.649994,142.649994,145.110001,99890800,144.285675,,
7/12/21,279.160004,279.769989,276.579987,277.320007,18931700,275.073883,146.210007,146.320007,144,144.5,76299700,143.679123,,
7/13/21,277.519989,282.850006,277.390015,280.980011,26120100,278.704193,144.029999,147.460007,143.630005,145.639999,100827100,144.812653,,
7/14/21,282.350006,283.660004,280.549988,282.51001,23113700,280.221832,148.100006,149.570007,147.679993,149.149994,127050800,148.302704,,
7/15/21,282,282.51001,279.829987,281.029999,22604200,278.753815,149.240005,150,147.089996,148.479996,106820300,147.63652,,
7/16/21,282.070007,284.100006,279.459991,280.75,26186800,278.476105,148.460007,149.759995,145.880005,146.389999,93251400,145.558395,,
7/19/21,278.929993,280.369995,274.450012,277.01001,32935600,274.766388,143.75,144.070007,141.669998,142.449997,121434600,141.640762,,
7/20/21,278.029999,280.970001,276.26001,279.320007,26259700,277.057648,143.460007,147.100006,142.960007,146.149994,96350000,145.319748,,
7/21/21,278.899994,281.519989,277.290009,281.399994,24364300,279.120819,145.529999,146.130005,144.630005,145.399994,74993500,144.574005,,
7/22/21,283.839996,286.420013,283.420013,286.140015,23384100,283.822449,145.940002,148.199997,145.809998,146.800003,77338200,145.966064,,
7/23/21,287.369995,289.98999,286.5,289.670013,22768100,287.323822,147.550003,148.720001,146.919998,148.559998,71447400,147.716049,,
7/26/21,289,289.690002,286.640015,289.049988,23176100,286.708832,148.270004,149.830002,147.699997,148.990005,72434100,148.143631,,
7/27/21,289.429993,289.579987,282.950012,286.540009,33604100,284.219177,149.119995,149.210007,145.550003,146.770004,104818600,145.936249,,
7/28/21,288.98999,290.149994,283.829987,286.220001,33566900,283.901764,144.809998,146.970001,142.539993,144.979996,118931200,144.156387,,
7/29/21,286.23999,288.619995,286.079987,286.5,18168300,284.179535,144.690002,146.550003,144.580002,145.639999,56699500,144.812653,,
7/30/21,285.170013,286.660004,283.910004,284.910004,20944800,282.602417,144.380005,146.330002,144.110001,145.860001,70440600,145.031403,,
8/2/21,286.359985,286.769989,283.73999,284.820007,16267400,282.513153,146.360001,146.949997,145.25,145.520004,62880000,144.693344,,
8/3/21,285.420013,287.230011,284,287.119995,17879000,284.794525,145.809998,148.039993,145.179993,147.360001,64786600,146.522888,,
8/4/21,286.220001,287.589996,284.649994,286.51001,16191300,284.189453,147.270004,147.789993,146.279999,146.949997,56368300,146.115219,,
8/5/21,286.880005,289.630005,286.100006,289.519989,13900200,287.175049,146.979996,147.839996,146.169998,147.059998,46397700,146.224579,,
8/6/21,288.51001,289.5,287.619995,289.459991,16589300,287.11554,146.350006,147.110001,145.630005,146.139999,54126800,145.527527,,
8/9/21,289.75,291.549988,287.809998,288.329987,16117600,285.994659,146.199997,146.699997,145.520004,146.089996,48908700,145.477722,,
8/10/21,288.799988,289.25,285.200012,286.440002,18616600,284.120026,146.440002,147.710007,145.300003,145.600006,69023100,144.989792,,
8/11/21,287.209991,288.660004,285.859985,286.950012,13955900,284.625885,146.050003,146.720001,145.529999,145.860001,48493500,145.248703,,
8/12/21,286.630005,289.970001,286.339996,289.809998,14561300,287.462738,146.190002,149.050003,145.839996,148.889999,72282600,148.266006,,
8/13/21,289.480011,292.899994,289.299988,292.850006,18249000,290.478088,148.970001,149.440002,148.270004,149.100006,59375000,148.475128,,
8/16/21,293.190002,294.820007,290.019989,294.600006,22507600,292.213928,148.539993,151.190002,146.470001,151.119995,103296000,150.486649,,
8/17/21,292.390015,293.429993,291.079987,293.079987,20075300,290.706207,150.229996,151.679993,149.089996,150.190002,92229700,149.560562,,
8/18/21,292.040009,294.820007,290.269989,290.730011,21813000,288.927338,149.800003,150.720001,146.149994,146.360001,86326000,145.746613,,
8/19/21,288.690002,297.470001,288.640015,296.769989,29850500,294.92984,145.029999,148,144.5,146.699997,86960300,146.085175,,
8/20/21,299.720001,305.839996,298.059998,304.359985,40817600,302.472778,147.440002,148.5,146.779999,148.190002,60549600,147.568924,,
8/23/21,303.25,305.399994,301.850006,304.649994,22830200,302.761017,148.309998,150.190002,147.889999,149.710007,60131800,149.082581,,
8/24/21,305.019989,305.649994,302,302.619995,18175800,300.743591,149.449997,150.860001,149.149994,149.619995,48606400,148.992935,,
8/25/21,304.299988,304.589996,300.420013,302.01001,20006100,300.137421,149.809998,150.320007,147.800003,148.360001,58991300,147.73822,,
8/26/21,300.98999,302.429993,298.950012,299.089996,17666100,297.235504,148.350006,149.119995,147.509995,147.539993,48597200,146.921646,,
8/27/21,298.98999,300.869995,296.829987,299.720001,22605700,297.861572,147.479996,148.75,146.830002,148.600006,55802400,147.977219,,
8/30/21,301.119995,304.220001,301.059998,303.589996,16348100,301.707581,149,153.490005,148.610001,153.119995,90956700,152.478256,,
8/31/21,304.420013,304.5,301.5,301.880005,26285300,300.008209,152.660004,152.800003,151.289993,151.830002,86453100,151.19368,,
9/1/21,302.869995,305.190002,301.48999,301.829987,18983800,299.958496,152.830002,154.979996,152.339996,152.509995,80313700,151.870819,,
9/2/21,302.200012,303.359985,300.179993,301.149994,16285600,299.282715,153.869995,154.720001,152.399994,153.649994,71115500,153.006042,,
9/3/21,300.98999,302.600006,300.26001,301.140015,14747900,299.272827,153.759995,154.630005,153.089996,154.300003,57808700,153.65332,,
9/7/21,301.01001,301.089996,298.200012,300.179993,17180400,298.318695,154.970001,157.259995,154.389999,156.690002,82278300,156.033325,,
9/8/21,299.779999,300.609985,297.470001,300.209991,15046800,298.348511,156.979996,157.039993,153.979996,155.110001,74420200,154.459915,,
9/9/21,300.820007,302.140015,297,297.25,19927000,295.406921,155.490005,156.110001,153.949997,154.070007,57305700,153.424286,,
9/10/21,298.420013,299.920013,295.380005,295.709991,19633400,293.876434,155,155.479996,148.699997,148.970001,140893200,148.345657,,
9/13/21,297.549988,298.540009,294.079987,296.98999,23652900,295.148499,150.630005,151.419998,148.75,149.550003,102404300,148.923233,,
9/14/21,299.559998,301.390015,298.100006,299.790009,21853400,297.931183,150.350006,151.070007,146.910004,148.119995,109296300,147.499222,,
9/15/21,303.26001,305.320007,301.820007,304.820007,28356300,302.929962,148.559998,149.440002,146.369995,149.029999,83281300,148.405396,,
9/16/21,303.76001,305.309998,300.76001,305.220001,19550800,303.327484,148.440002,148.970001,147.220001,148.789993,68034100,148.166397,,
9/17/21,304.170013,304.5,299.529999,299.869995,41372500,298.010651,148.820007,148.820007,145.759995,146.059998,129868800,145.447845,,
9/20/21,296.329987,298.720001,289.519989,294.299988,38278700,292.475159,143.800003,144.839996,141.270004,142.940002,123478900,142.340927,,
9/21/21,295.690002,297.540009,294.070007,294.799988,22364100,292.972046,143.929993,144.600006,142.779999,143.429993,75834000,142.828873,,
9/22/21,296.730011,300.220001,294.51001,298.579987,26626300,296.728638,144.449997,146.429993,143.699997,145.850006,76404300,145.238739,,
9/23/21,298.850006,300.899994,297.529999,299.559998,18604600,297.702545,146.649994,147.080002,145.639999,146.830002,64838200,146.21463,,
9/24/21,298.230011,299.799988,296.929993,299.350006,14999000,297.493866,145.660004,147.470001,145.559998,146.919998,53477900,146.304245,,
9/27/21,296.140015,296.470001,292.940002,294.170013,23571700,292.346008,145.470001,145.960007,143.820007,145.369995,74150700,144.760757,,
9/28/21,289.799988,290.779999,282.75,283.519989,43186200,281.762024,143.25,144.75,141.690002,141.910004,108972300,141.315262,,
9/29/21,285.100006,286.769989,283.01001,284,26353700,282.239044,142.470001,144.449997,142.029999,142.830002,74602000,142.2314,,
9/30/21,285.709991,287.829987,281.619995,281.920013,32343600,280.171967,143.660004,144.380005,141.279999,141.5,89056700,140.906967,,
10/1/21,282.119995,289.980011,281.290009,289.100006,30086300,287.307434,141.899994,142.919998,139.110001,142.649994,94639600,142.052139,,
10/4/21,287.399994,287.75,280.25,283.109985,31350700,281.354553,141.759995,142.210007,138.270004,139.139999,98322000,138.556854,,
10/5/21,284.049988,290.399994,284.049988,288.76001,24993000,286.969574,139.490005,142.240005,139.360001,141.110001,80861100,140.518616,,
10/6/21,285.779999,293.630005,285.51001,293.109985,28002600,291.292542,139.470001,142.149994,138.369995,142,83221100,141.404877,,
10/7/21,295.179993,296.640015,293.920013,294.850006,20430500,293.02179,143.059998,144.220001,142.720001,143.289993,61732700,142.689453,,
10/8/21,296.220001,296.640015,293.76001,294.850006,17685700,293.02179,144.029999,144.179993,142.559998,142.899994,58773200,142.301086,,
10/11/21,292.920013,297.970001,292.75,294.230011,19298600,292.40564,142.270004,144.809998,141.809998,142.809998,64452200,142.211487,,
10/12/21,295.339996,295.440002,292.350006,292.880005,17974100,291.063995,143.229996,143.25,141.039993,141.509995,73035900,140.916916,,
10/13/21,294.910004,297.279999,293.48999,296.309998,23416300,294.472748,141.240005,141.399994,139.199997,140.910004,78762700,140.319443,,
10/14/21,299.209991,303.269989,297.829987,302.75,27262900,300.872772,142.110001,143.880005,141.509995,143.759995,69907100,143.157486,,
10/15/21,302.339996,304.450012,300.519989,304.209991,25384800,302.32373,143.770004,144.899994,143.509995,144.839996,67940300,144.232986,,
10/18/21,303.570007,308.209991,302.690002,307.290009,22729300,305.384644,143.449997,146.839996,143.160004,146.550003,85589200,145.935806,,
10/19/21,308.350006,309.299988,307.220001,308.230011,17682100,306.318848,147.009995,149.169998,146.550003,148.759995,76378900,148.136536,,
10/20/21,309.209991,309.700012,306.109985,307.410004,16537100,305.503906,148.699997,149.75,148.119995,149.259995,58418800,148.634445,,
10/21/21,307.170013,311.019989,306.359985,310.76001,16918100,308.83313,148.809998,149.639999,147.869995,149.479996,61421000,148.853531,,
10/22/21,310.399994,311.089996,307.799988,309.160004,17449300,307.243042,149.690002,150.179993,148.639999,148.690002,58883400,148.066849,,
10/25/21,309.359985,309.399994,306.459991,308.130005,17554500,306.219452,148.679993,149.369995,147.619995,148.639999,50720600,148.017059,,
10/26/21,311,312.399994,308.600006,310.109985,28107300,308.187134,149.330002,150.839996,149.009995,149.320007,60893400,148.694199,,
10/27/21,316,326.100006,316,323.170013,52588700,321.166229,149.360001,149.729996,148.490005,148.850006,56094900,148.226181,,
10/28/21,324.329987,324.869995,321.359985,324.350006,26297900,322.338867,149.820007,153.169998,149.720001,152.570007,100077900,151.930573,,
10/29/21,324.130005,332,323.899994,331.619995,34766000,329.563782,147.220001,149.940002,146.410004,149.800003,124953200,149.17218,,
11/1/21,331.359985,331.48999,326.369995,329.369995,27073200,327.327728,148.990005,149.699997,147.800003,148.960007,74588300,148.335709,,
11/2/21,330.309998,333.450012,330,333.130005,26487100,331.064423,148.660004,151.570007,148.649994,150.020004,69122000,149.391266,,
11/3/21,333.899994,334.899994,330.649994,334,21500100,331.929016,150.389999,151.970001,149.820007,151.490005,54511500,150.855103,,
11/4/21,332.890015,336.540009,329.51001,336.440002,23992200,334.353882,151.580002,152.429993,150.639999,150.960007,60394600,150.327332,,
11/5/21,338.51001,338.790009,334.420013,336.059998,22570100,333.976257,151.889999,152.199997,150.059998,151.279999,65463900,150.865845,,
11/8/21,337.299988,337.649994,334.440002,336.98999,20897000,334.900482,151.410004,151.570007,150.160004,150.440002,55020900,150.028152,,
11/9/21,337.109985,338.720001,334.529999,335.950012,21307400,333.866943,150.199997,151.429993,150.059998,150.809998,56787900,150.397125,,
11/10/21,334.570007,334.630005,329.920013,330.799988,25500900,328.748871,150.020004,150.130005,147.850006,147.919998,65187100,147.515045,,
11/11/21,331.25,333.769989,330.51001,332.429993,16849800,330.368744,148.960007,149.429993,147.679993,147.869995,41000000,147.465179,,
11/12/21,333.920013,337.230011,333.790009,336.720001,23831000,334.632172,148.429993,150.399994,147.479996,149.990005,63804000,149.579376,,
11/15/21,337.540009,337.880005,334.029999,336.070007,16723000,333.986206,150.369995,151.880005,149.429993,150,59222800,149.58934,,
11/16/21,335.679993,340.670013,335.51001,339.51001,20886800,337.404877,149.940002,151.490005,149.339996,151,59256200,150.586609,,
11/17/21,338.940002,342.190002,338,339.119995,19053400,337.63385,151,155,150.990005,153.490005,88807000,153.069794,,
11/18/21,338.179993,342.450012,337.119995,341.269989,22463500,339.774414,153.710007,158.669998,153.050003,157.869995,137827700,157.43779,,
11/19/21,342.640015,345.100006,342.200012,343.109985,21963400,341.606384,157.649994,161.020004,156.529999,160.550003,117305600,160.110474,,
11/22/21,344.619995,349.670013,339.549988,339.829987,31031100,338.340729,161.679993,165.699997,161,161.020004,117467900,160.579178,,
11/23/21,337.049988,339.450012,333.559998,337.679993,30427600,336.200165,161.119995,161.800003,159.059998,161.410004,96041900,160.968109,,
11/24/21,336.279999,338.160004,333.910004,337.910004,21661300,336.429169,160.75,162.139999,159.639999,161.940002,69463600,161.496674,,
11/26/21,334.350006,337.929993,328.119995,329.679993,24217200,328.235229,159.570007,160.449997,156.360001,156.809998,76959800,156.380707,,
11/29/21,334.940002,339.029999,334.73999,336.630005,28563500,335.154785,159.369995,161.190002,158.789993,160.240005,88748200,159.801315,,
11/30/21,335.320007,337.779999,328.98999,330.589996,42885600,329.141235,159.990005,165.520004,159.919998,165.300003,174048100,164.847473,,
12/1/21,335.130005,339.279999,329.390015,330.079987,33337600,328.633484,167.479996,170.300003,164.529999,164.770004,152052500,164.318924,,
12/2/21,330.299988,333.48999,327.799988,329.48999,30766000,328.046051,158.740005,164.199997,157.800003,163.759995,136739200,163.311676,,
12/3/21,331.98999,332.700012,318.029999,323.01001,41779300,321.594482,164.020004,164.960007,159.720001,161.839996,118023100,161.396927,,
12/6/21,323.950012,327.450012,319.230011,326.190002,30032600,324.760529,164.289993,167.880005,164.279999,165.320007,107497000,164.867416,,
12/7/21,331.640015,335.799988,330.100006,334.920013,31021900,333.452271,169.080002,171.580002,168.339996,171.179993,120405400,170.711349,,
12/8/21,335.309998,335.5,330.799988,334.970001,24761000,333.502045,172.130005,175.960007,170.699997,175.080002,116998900,174.600693,,
12/9/21,334.410004,336.48999,332.119995,333.100006,22214200,331.640228,174.910004,176.75,173.919998,174.559998,108923700,174.082108,,
12/10/21,334.980011,343,334.790009,342.540009,38095700,341.038879,175.210007,179.630005,174.690002,179.449997,115402700,178.958725,,
12/13/21,340.679993,343.790009,339.079987,339.399994,28899400,337.912628,181.119995,182.130005,175.529999,175.740005,153237000,175.258881,,
12/14/21,333.220001,334.640015,324.109985,328.339996,44438700,326.901093,175.25,177.740005,172.210007,174.330002,139380400,173.852753,,
12/15/21,328.609985,335.190002,324.5,334.649994,35381100,333.183441,175.110001,179.5,172.309998,179.300003,131063300,178.809143,,
12/16/21,335.709991,336.76001,323.019989,324.899994,35034800,323.476166,179.279999,181.139999,170.75,172.259995,150185800,171.788406,,
12/17/21,320.880005,324.920013,317.25,323.799988,47750300,322.380981,169.929993,173.470001,169.690002,171.139999,195432700,170.671478,,
12/20/21,320.049988,322.799988,317.570007,319.910004,28326500,318.508026,168.279999,170.580002,167.460007,169.75,107499100,169.285278,,
12/21/21,323.290009,327.730011,319.799988,327.290009,24740600,325.855713,171.559998,173.199997,169.119995,172.990005,91185900,172.516403,,
12/22/21,328.299988,333.609985,325.75,333.200012,24831500,331.739838,173.039993,175.860001,172.149994,175.639999,92135300,175.159149,,
12/23/21,332.75,336.390015,332.730011,334.690002,19617800,333.223267,175.850006,176.850006,175.270004,176.279999,68356600,175.797409,,
12/27/21,335.459991,342.480011,335.429993,342.450012,19947000,340.94928,177.089996,180.419998,177.070007,180.330002,74919600,179.836319,,
12/28/21,343.149994,343.809998,340.320007,341.25,15661500,339.754517,180.160004,181.330002,178.529999,179.289993,79144300,178.799149,,
12/29/21,341.299988,344.299988,339.679993,341.950012,15042000,340.451477,179.330002,180.630005,178.139999,179.380005,62348900,178.888916,,